MDVP:Fo(Hz),MDVP:Fhi(Hz),MDVP:Flo(Hz),MDVP:Jitter(%),MDVP:Jitter(Abs),MDVP:RAP,MDVP:PPQ,Jitter:DDP,MDVP:Shimmer,MDVP:Shimmer(dB),Shimmer:APQ3,Shimmer:APQ5,MDVP:APQ,Shimmer:DDA,NHR,HNR,RPDE,DFA,spread1,spread2,D2,PPE
-0.8722669201172841,-0.5852585036033198,0.06880067540585427,0.9440837478069272,1.1320062327439693,-1.0880762154307975,-0.8421478036816061,0.7947809410844305,-1.155799297934773,-0.01533246055564451,1.136666954043329,1.0921580760425276,0.2793957942786995,-0.36322030940893696,1.4390066066559324,1.5058589552396295,-0.7050253197425281,-0.27270665470650185,-1.0014572149922867,-0.388581406946116,-0.35596132941563946,-0.09775661633174663
0.3557604820140944,-0.9863860522558119,0.32856623262343404,-0.2917298089008878,-1.0707420370939151,-1.1483564862721038,-0.3108212190593834,-0.256541344597209,0.5405502379863961,0.19400107644843,-0.5431018442072524,-0.09968727185597924,-0.4988793867783838,-1.2962270555598978,0.06178166313890458,0.9700597244424141,0.8837306350151288,0.23223355078449842,0.19521761766687265,-2.121518259532698,0.13079061132811845,1.1639794853187866
-0.2050349752631409,-0.1415002662947565,-0.44906269043998853,-0.5296012479922009,1.0822666874375728,-0.2529477440027097,-0.8849889270850075,1.1014748160408003,-0.5875933630500114,0.3914998477265916,-0.02989866476772081,-0.6027329180500686,-0.4565541989152328,0.8374960579875717,-0.5677364343693769,0.026711259794165762,0.5538707753322835,0.5802793053349121,-0.7609433399953794,-0.09139280609126069,1.0010338054176815,0.8226173085378272
-1.3655767841988087,1.5672209261260395,-0.9527536438603613,0.4397943201671519,-0.6860485244126722,0.18578419290217416,-2.1198761647201265,0.27044543157225154,0.45713464461640674,0.4494489624283036,0.905809506345853,-0.6515611917551536,0.12402257759594655,-0.12488716359432561,-0.872689978976435,-1.2829736221759138,1.2455185240704074,-0.31514237850645727,-1.2105238355381704,-1.4538314822535707,0.5294000046155283,-1.9469400385043587
0.507898408453323,-0.7265512572032331,1.5397634917109297,0.43874717496908555,-1.2376783922809336,-0.3066888053156501,3.324829788115777,2.0815620874036584,-0.4327702476626402,-0.894530118401076,0.5145200587322395,1.5800229885939896,-0.8124106390605498,0.6747832868724694,-1.7355127975908748,1.1245779484996803,-1.5349097410762107,-1.3512286110973708,1.475512917656754,0.9308021303453698,0.883093711912379,0.619003965419841
