MDVP:Fo(Hz),MDVP:Fhi(Hz),MDVP:Flo(Hz),MDVP:Jitter(%),MDVP:Jitter(Abs),MDVP:RAP,MDVP:PPQ,Jitter:DDP,MDVP:Shimmer,MDVP:Shimmer(dB),Shimmer:APQ3,Shimmer:APQ5,MDVP:APQ,Shimmer:DDA,NHR,HNR,RPDE,DFA,spread1,spread2,D2,PPE
0.26049427471473496,0.4750128613133119,0.48435536669049994,-0.3961025890116802,-0.2485753252874785,0.8341952938926884,0.7245894774634741,-0.7575528859939586,-2.011785886841073,0.17724523652345267,-1.4309226292745187,-0.13830263869461187,-1.0605588402697461,0.5177866244952515,-0.5746408607176855,0.47424607577181294,-0.39382539117681165,1.1227502389964803,1.0143074908282508,-0.739766772636818,1.5573985009635005,1.3682031027523194
0.6393941150608374,0.7808362996028542,-1.1573017365905736,-0.01701827250488897,-1.1648802367652622,-2.0622805137530613,1.0275869115844318,-0.5677664767213342,0.18856375926626667,-0.9527611482291906,-0.36879021029936393,-0.7400409399483411,0.27599354329962905,0.6896462237059823,-1.241590998217918,0.5540477617591413,1.0953329437491077,0.8041965170888715,-0.024281112863545798,-1.0775768873975107,-0.7377153566132363,-0.594239342994021
-1.6942611389859437,1.1387321093952756,-3.116514784887611,-0.4675448203557773,-0.0801985762198845,-0.866150708878722,-0.05957211900973411,-1.4147894356118456,0.5010339435203098,0.7277676251912504,-1.463237698245854,0.5903027721398342,1.2028937898343555,-0.42991126534766466,-0.08485020810842481,-1.1880209461987148,-0.7219741629143794,-1.5488165619940673,0.609708079671622,-0.7953923639344177,-0.29017993904908757,0.06296858522643402
2.554421558839407,-0.9883791842845957,-1.8893977992757809,0.4676134117430977,-0.2991663458930014,-0.07938168926626658,-0.7805676039867081,-1.0004422756354407,0.4734171530348507,1.6146715358973427,1.25525106775432,0.8774653294956171,-0.22648713411946544,-0.31811894952992176,-0.6844880298431504,2.0783619181465802,0.5578902908452277,0.04217256885321794,0.4610716783574251,1.0566080039083792,0.9078447906313214,-0.7656572566150315
0.9481671685951271,-0.6870128215487866,0.052838375299629974,0.37720714077655226,-0.06121854628777071,0.16458723356142665,0.5441821433605105,0.05665611227338958,0.3527290722751912,0.7224819223221602,0.7082772670834853,2.1400359590620814,0.8243602013757652,-0.5449073008652032,1.1550559705453933,-0.305759920506375,0.3746176355694583,0.7066207350974197,1.0075732417829557,0.597516364626132,1.560878613263219,0.7654794266381728
